{
  "Transparency" : 0,
  "Tags" : [

  ],
  "Ansi 12 Color" : {
    "Red Component" : 0.49019607901573181,
    "Color Space" : "sRGB",
    "Blue Component" : 0.63921570777893066,
    "Alpha Component" : 1,
    "Green Component" : 0.68235296010971069
  },
  "Ansi 1 Color" : {
    "Red Component" : 0.72156864404678345,
    "Color Space" : "sRGB",
    "Blue Component" : 0.31764706969261169,
    "Alpha Component" : 1,
    "Green Component" : 0.33725491166114807
  },
  "Ansi 7 Color" : {
    "Red Component" : 0.65882354974746704,
    "Color Space" : "sRGB",
    "Blue Component" : 0.51764702796936035,
    "Alpha Component" : 1,
    "Green Component" : 0.60000008344650269
  },
  "Bold Color" : {
    "Red Component" : 0.99999600648880005,
    "Color Space" : "sRGB",
    "Blue Component" : 1,
    "Alpha Component" : 1,
    "Green Component" : 1
  },
  "Ansi 8 Color" : {
    "Red Component" : 0.35294118523597717,
    "Color Space" : "sRGB",
    "Blue Component" : 0.29803922772407532,
    "Alpha Component" : 1,
    "Green Component" : 0.32156863808631897
  },
  "Ansi 9 Color" : {
    "Red Component" : 0.72156864404678345,
    "Color Space" : "sRGB",
    "Blue Component" : 0.31764706969261169,
    "Alpha Component" : 1,
    "Green Component" : 0.33725491166114807
  },
  "Link Color" : {
    "Red Component" : 0.83921569585800171,
    "Color Space" : "sRGB",
    "Blue Component" : 0.054901950061321259,
    "Alpha Component" : 1,
    "Green Component" : 0.36470580101013184
  },
  "Rows" : 25,
  "Default Bookmark" : "No",
  "Horizontal Spacing" : 1,
  "Cursor Guide Color" : {
    "Red Component" : 0.23529419302940369,
    "Color Space" : "sRGB",
    "Blue Component" : 0.21176469326019287,
    "Alpha Component" : 1,
    "Green Component" : 0.21960783004760742
  },
  "Non-ASCII Anti Aliased" : true,
  "Use Bright Bold" : true,
  "Ansi 10 Color" : {
    "Red Component" : 0.66274511814117432,
    "Color Space" : "sRGB",
    "Blue Component" : 0.3960784375667572,
    "Alpha Component" : 1,
    "Green Component" : 0.7137255072593689
  },
  "Ambiguous Double Width" : false,
  "Jobs to Ignore" : [
    "rlogin",
    "ssh",
    "slogin",
    "telnet"
  ],
  "Ansi 15 Color" : {
    "Red Component" : 0.86666667461395264,
    "Color Space" : "sRGB",
    "Blue Component" : 0.63137257099151611,
    "Alpha Component" : 1,
    "Green Component" : 0.78039216995239258
  },
  "Foreground Color" : {
    "Red Component" : 0.83137255907058716,
    "Color Space" : "sRGB",
    "Blue Component" : 0.59607845544815063,
    "Alpha Component" : 1,
    "Green Component" : 0.7450980544090271
  },
  "Working Directory" : "\/Users\/guilhermevictor",
  "Blinking Cursor" : true,
  "Disable Window Resizing" : true,
  "Sync Title" : false,
  "Prompt Before Closing 2" : false,
  "BM Growl" : true,
  "Command" : "",
  "Description" : "Default",
  "Mouse Reporting" : true,
  "Screen" : -1,
  "Selection Color" : {
    "Red Component" : 0.77254903316497803,
    "Color Space" : "sRGB",
    "Blue Component" : 0.55294120311737061,
    "Alpha Component" : 1,
    "Green Component" : 0.69411766529083252
  },
  "Columns" : 80,
  "Idle Code" : 0,
  "Ansi 13 Color" : {
    "Red Component" : 0.82745099067687988,
    "Color Space" : "sRGB",
    "Blue Component" : 0.60784316062927246,
    "Alpha Component" : 1,
    "Green Component" : 0.52549022436141968
  },
  "Custom Command" : "No",
  "ASCII Anti Aliased" : true,
  "Non Ascii Font" : "3270NF-Cond 12",
  "Vertical Spacing" : 1.1200000000000001,
  "Use Bold Font" : true,
  "Option Key Sends" : 0,
  "Selected Text Color" : {
    "Red Component" : 0.3960784375667572,
    "Color Space" : "sRGB",
    "Blue Component" : 0.32549020648002625,
    "Alpha Component" : 1,
    "Green Component" : 0.35686275362968445
  },
  "Background Color" : {
    "Red Component" : 0.078431372549019607,
    "Color Space" : "sRGB",
    "Blue Component" : 0.090196078431372548,
    "Alpha Component" : 1,
    "Green Component" : 0.086274509803921567
  },
  "Character Encoding" : 4,
  "Ansi 11 Color" : {
    "Red Component" : 0.84705883264541626,
    "Color Space" : "sRGB",
    "Blue Component" : 0.34117648005485535,
    "Alpha Component" : 1,
    "Green Component" : 0.65098041296005249
  },
  "Non-ASCII Ligatures" : true,
  "Use Italic Font" : true,
  "Unlimited Scrollback" : false,
  "Keyboard Map" : {
    "0xf700-0x260000" : {
      "Text" : "[1;6A",
      "Action" : 10
    },
    "0x37-0x40000" : {
      "Text" : "0x1f",
      "Action" : 11
    },
    "0x32-0x40000" : {
      "Text" : "0x00",
      "Action" : 11
    },
    "0xf709-0x20000" : {
      "Text" : "[17;2~",
      "Action" : 10
    },
    "0xf70c-0x20000" : {
      "Text" : "[20;2~",
      "Action" : 10
    },
    "0xf729-0x20000" : {
      "Text" : "[1;2H",
      "Action" : 10
    },
    "0xf72b-0x40000" : {
      "Text" : "[1;5F",
      "Action" : 10
    },
    "0xf705-0x20000" : {
      "Text" : "[1;2Q",
      "Action" : 10
    },
    "0xf703-0x260000" : {
      "Text" : "[1;6C",
      "Action" : 10
    },
    "0xf700-0x220000" : {
      "Text" : "[1;2A",
      "Action" : 10
    },
    "0xf701-0x280000" : {
      "Text" : "0x1b 0x1b 0x5b 0x42",
      "Action" : 11
    },
    "0x38-0x40000" : {
      "Text" : "0x7f",
      "Action" : 11
    },
    "0x33-0x40000" : {
      "Text" : "0x1b",
      "Action" : 11
    },
    "0xf703-0x220000" : {
      "Text" : "[1;2C",
      "Action" : 10
    },
    "0xf701-0x240000" : {
      "Text" : "[1;5B",
      "Action" : 10
    },
    "0xf70d-0x20000" : {
      "Text" : "[21;2~",
      "Action" : 10
    },
    "0xf702-0x260000" : {
      "Text" : "[1;6D",
      "Action" : 10
    },
    "0xf729-0x40000" : {
      "Text" : "[1;5H",
      "Action" : 10
    },
    "0xf706-0x20000" : {
      "Text" : "[1;2R",
      "Action" : 10
    },
    "0x34-0x40000" : {
      "Text" : "0x1c",
      "Action" : 11
    },
    "0xf700-0x280000" : {
      "Text" : "0x1b 0x1b 0x5b 0x41",
      "Action" : 11
    },
    "0x2d-0x40000" : {
      "Text" : "0x1f",
      "Action" : 11
    },
    "0xf70e-0x20000" : {
      "Text" : "[23;2~",
      "Action" : 10
    },
    "0xf702-0x220000" : {
      "Text" : "[1;2D",
      "Action" : 10
    },
    "0xf703-0x280000" : {
      "Text" : "0x1b 0x1b 0x5b 0x43",
      "Action" : 11
    },
    "0xf700-0x240000" : {
      "Text" : "[1;5A",
      "Action" : 10
    },
    "0xf707-0x20000" : {
      "Text" : "[1;2S",
      "Action" : 10
    },
    "0xf70a-0x20000" : {
      "Text" : "[18;2~",
      "Action" : 10
    },
    "0x35-0x40000" : {
      "Text" : "0x1d",
      "Action" : 11
    },
    "0xf70f-0x20000" : {
      "Text" : "[24;2~",
      "Action" : 10
    },
    "0xf703-0x240000" : {
      "Text" : "[1;5C",
      "Action" : 10
    },
    "0xf701-0x260000" : {
      "Text" : "[1;6B",
      "Action" : 10
    },
    "0xf702-0x280000" : {
      "Text" : "0x1b 0x1b 0x5b 0x44",
      "Action" : 11
    },
    "0xf72b-0x20000" : {
      "Text" : "[1;2F",
      "Action" : 10
    },
    "0x36-0x40000" : {
      "Text" : "0x1e",
      "Action" : 11
    },
    "0xf708-0x20000" : {
      "Text" : "[15;2~",
      "Action" : 10
    },
    "0xf701-0x220000" : {
      "Text" : "[1;2B",
      "Action" : 10
    },
    "0xf70b-0x20000" : {
      "Text" : "[19;2~",
      "Action" : 10
    },
    "0xf702-0x240000" : {
      "Text" : "[1;5D",
      "Action" : 10
    },
    "0xf704-0x20000" : {
      "Text" : "[1;2P",
      "Action" : 10
    }
  },
  "Window Type" : 0,
  "Background Image Location" : "",
  "Blur" : false,
  "Badge Color" : {
    "Red Component" : 0.83921569585800171,
    "Color Space" : "sRGB",
    "Blue Component" : 0.054901950061321259,
    "Alpha Component" : 0.5,
    "Green Component" : 0.36470580101013184
  },
  "Scrollback Lines" : 1000,
  "Send Code When Idle" : false,
  "Close Sessions On End" : true,
  "Terminal Type" : "xterm-256color",
  "Visual Bell" : false,
  "Flashing Bell" : false,
  "Silence Bell" : true,
  "Ansi 14 Color" : {
    "Red Component" : 0.5372549295425415,